Time	Patient1	Patient2	Patient3
0	100	100	100
1	99.54751131	92.85714286	
2	97.28506787	95.40816327	
3	79.18552036	72.95918367	86.31578947
4	50.67873303	83.67346939	
5			
6	52.0361991	52.55102041	70.52631579
7			
8	49.77375566	41.83673469	53.68421053
9	35.29411765	41.83673469	
10		43.87755102	69.47368421
11			
12			
13		42.85714286	60
