Day	Patient1	Patient2	Patient3
0	 99.00   	 100.00   	 98.94736 
1	 91.00   	 90.65934 	
2	 83.00   	 72.72727 	
3	 76.00   	 73.42657 	 79.2683 
4	 82.00   	 75.60976 	
5			
6	 98.00   	 95.14563 	 90.29851 
7			
8	 100.00   	 97.56097 	 93.06931 
9	 92.00   	 98.00   	
10		 92.04 	 84.09091 
11			
12			
13		 95.2381 	 92.98245 
